Candidate, "Poll No.", Votes

Ashe, 001, 93
Carvalho, 001, 4
Dickson, 001, 54
Thavarajasoorier, 001, 10
Willert, 001, 20

Ashe, 002, 100
Carvalho, 002, 2
Dickson, 002, 76
Thavarajasoorier, 002, 6
Willert, 002, 51

Ashe, 003, 46
Carvalho, 003, 7
Dickson, 003, 37
Thavarajasoorier, 003, 9
Willert, 003, 15

Ashe, 004, 110
Carvalho, 004, 0
Dickson, 004, 54
Thavarajasoorier, 004, 4
Willert, 004, 26

Ashe, 005, 76
Carvalho, 005, 3
Dickson, 005, 54
Thavarajasoorier, 005, 15
Willert, 005, 31

None, 006, "NO POLL HELD"

Ashe, 007, 51
Carvalho, 007, 2
Dickson, 007, 35
Thavarajasoorier, 007, 10
Willert, 007, 33

Ashe, 008, 53
Carvalho, 008, 0
Dickson, 008, 25
Thavarajasoorier, 008, 4
Willert, 008, 17

Ashe,  009, 110
Carvalho, 009, 4
Dickson, 009, 82
Thavarajasoorier, 009, 4
Willert, 009, 14

None, 010, "NO POLL HELD"

Ashe, 011, 61
Carvalho, 011, 1
Dickson, 011, 95
Thavarajasoorier, 011, 18
Willert, 011, 10

Ashe, 012, 36
Carvalho, 012, 0
Dickson, 012, 40
Thavarajasoorier, 012, 4
Willert, 012, 9

None, 013, "NO POLL HELD"

Ashe, 014, 41
Carvalho, 014, 0
Dickson, 014, 114
Thavarajasoorier, 014, 11
Willert, 014, 10

Ashe, 015, 61
Carvalho, 015, 0
Dickson, 015, 104
Thavarajasoorier, 015, 15
Willert, 015, 9

Ashe, 016, 34
Carvalho, 016, 0
Dickson, 016, 54
Thavarajasoorier, 016, 9
Willert, 016, 5

Ashe, 017A, 29
Carvalho, 017A, 1
Dickson, 017A, 69
Thavarajasoorier, 017A, 10
Willert, 017A, 6

Ashe, 017B, 27
Carvalho, 017B, 0
Dickson, 017B, 75
Thavarajasoorier, 017B, 12
Willert, 017B, 5

Ashe, 018A, 56
Carvalho, 018A, 1
Dickson, 018A, 75
Thavarajasoorier, 018A, 14
Willert, 018A, 6

Ashe, 018B, 41 , , 0 74 , 7 , 8
Carvalho, 018B, 41 , , 0 74 , 7 , 8
Dickson, 018B, 41 , , 0 74 , 7 , 8
Thavarajasoorier, 018B, 41 , , 0 74 , 7 , 8
Willert, 018B, 41 , , 0 74 , 7 , 8

Ashe, 018C, 42 , , 5 125 , 13 , 3
Carvalho, 018C, 42 , , 5 125 , 13 , 3
Dickson, 018C, 42 , , 5 125 , 13 , 3
Thavarajasoorier, 018C, 42 , , 5 125 , 13 , 3
Willert, 018C, 42 , , 5 125 , 13 , 3

Ashe, 019, 50 , , 1 99 , 16 , 9
Carvalho, 019, 50 , , 1 99 , 16 , 9
Dickson, 019, 50 , , 1 99 , 16 , 9
Thavarajasoorier, 019, 50 , , 1 99 , 16 , 9
Willert, 019, 50 , , 1 99 , 16 , 9

Ashe, 020, 57 , , 0 108 , 16 , 6
Carvalho, 020, 57 , , 0 108 , 16 , 6
Dickson, 020, 57 , , 0 108 , 16 , 6
Thavarajasoorier, 020, 57 , , 0 108 , 16 , 6
Willert, 020, 57 , , 0 108 , 16 , 6

Ashe, 021, 52 , , 1 100 , 10 , 15
Carvalho, 021, 52 , , 1 100 , 10 , 15
Dickson, 021, 52 , , 1 100 , 10 , 15
Thavarajasoorier, 021, 52 , , 1 100 , 10 , 15
Willert, 021, 52 , , 1 100 , 10 , 15

Ashe, 022, 28 , , 1 67 , 6 , 10
Carvalho, 022, 28 , , 1 67 , 6 , 10
Dickson, 022, 28 , , 1 67 , 6 , 10
Thavarajasoorier, 022, 28 , , 1 67 , 6 , 10
Willert, 022, 28 , , 1 67 , 6 , 10

Ashe, 023A, 22 , , 0 50 , 14 , 3
Carvalho, 023A, 22 , , 0 50 , 14 , 3
Dickson, 023A, 22 , , 0 50 , 14 , 3
Thavarajasoorier, 023A, 22 , , 0 50 , 14 , 3
Willert, 023A, 22 , , 0 50 , 14 , 3

Ashe, 023B, , 31 , 1 , 70 , 17 , 1
Carvalho, 023B, , 31 , 1 , 70 , 17 , 1
Dickson, 023B, , 31 , 1 , 70 , 17 , 1
Thavarajasoorier, 023B, , 31 , 1 , 70 , 17 , 1
Willert, 023B, , 31 , 1 , 70 , 17 , 1

Ashe, 024, , 21 , 2 , 26 , 4 , 32
Carvalho, 024, , 21 , 2 , 26 , 4 , 32
Dickson, 024, , 21 , 2 , 26 , 4 , 32
Thavarajasoorier, 024, , 21 , 2 , 26 , 4 , 32
Willert, 024, , 21 , 2 , 26 , 4 , 32

Ashe, 025, , 21 , 1 , 22 , 4 , 15
Carvalho, 025, , 21 , 1 , 22 , 4 , 15
Dickson, 025, , 21 , 1 , 22 , 4 , 15
Thavarajasoorier, 025, , 21 , 1 , 22 , 4 , 15
Willert, 025, , 21 , 1 , 22 , 4 , 15

Ashe, 026, , 45 , 2 , 88 , 18 , 5
Carvalho, 026, , 45 , 2 , 88 , 18 , 5
Dickson, 026, , 45 , 2 , 88 , 18 , 5
Thavarajasoorier, 026, , 45 , 2 , 88 , 18 , 5
Willert, 026, , 45 , 2 , 88 , 18 , 5

Ashe, 027, , 31 , 1 , 35 , 6 , 7
Carvalho, 027, , 31 , 1 , 35 , 6 , 7
Dickson, 027, , 31 , 1 , 35 , 6 , 7
Thavarajasoorier, 027, , 31 , 1 , 35 , 6 , 7
Willert, 027, , 31 , 1 , 35 , 6 , 7

Ashe, 028, , 51 , 6 , 96 , 13 , 8
Carvalho, 028, , 51 , 6 , 96 , 13 , 8
Dickson, 028, , 51 , 6 , 96 , 13 , 8
Thavarajasoorier, 028, , 51 , 6 , 96 , 13 , 8
Willert, 028, , 51 , 6 , 96 , 13 , 8

Ashe, 029, , 62 , 1 , 86 , 11 , 8
Carvalho, 029, , 62 , 1 , 86 , 11 , 8
Dickson, 029, , 62 , 1 , 86 , 11 , 8
Thavarajasoorier, 029, , 62 , 1 , 86 , 11 , 8
Willert, 029, , 62 , 1 , 86 , 11 , 8

Ashe, 030, , 33 , 0 , 78 , 14 , 7
Carvalho, 030, , 33 , 0 , 78 , 14 , 7
Dickson, 030, , 33 , 0 , 78 , 14 , 7
Thavarajasoorier, 030, , 33 , 0 , 78 , 14 , 7
Willert, 030, , 33 , 0 , 78 , 14 , 7

Ashe, 031, , 36 , 2 , 82 , 17 , 2
Carvalho, 031, , 36 , 2 , 82 , 17 , 2
Dickson, 031, , 36 , 2 , 82 , 17 , 2
Thavarajasoorier, 031, , 36 , 2 , 82 , 17 , 2
Willert, 031, , 36 , 2 , 82 , 17 , 2

Ashe, 032, , 75 , 0 , 97 , 12 , 15
Carvalho, 032, , 75 , 0 , 97 , 12 , 15
Dickson, 032, , 75 , 0 , 97 , 12 , 15
Thavarajasoorier, 032, , 75 , 0 , 97 , 12 , 15
Willert, 032, , 75 , 0 , 97 , 12 , 15

Ashe, 033, , 44 , 0 , 96 , 6 , 5
Carvalho, 033, , 44 , 0 , 96 , 6 , 5
Dickson, 033, , 44 , 0 , 96 , 6 , 5
Thavarajasoorier, 033, , 44 , 0 , 96 , 6 , 5
Willert, 033, , 44 , 0 , 96 , 6 , 5

Ashe, 034s, , 9 , 2 , 16 , 4 , 0
Carvalho, 034s, , 9 , 2 , 16 , 4 , 0
Dickson, 034s, , 9 , 2 , 16 , 4 , 0
Thavarajasoorier, 034s, , 9 , 2 , 16 , 4 , 0
Willert, 034s, , 9 , 2 , 16 , 4 , 0

Ashe, 035, , 64 , 4 , 96 , 19 , 15
Carvalho, 035, , 64 , 4 , 96 , 19 , 15
Dickson, 035, , 64 , 4 , 96 , 19 , 15
Thavarajasoorier, 035, , 64 , 4 , 96 , 19 , 15
Willert, 035, , 64 , 4 , 96 , 19 , 15

Ashe, 036, , 44 , 3 , 77 , 8 , 4
Carvalho, 036, , 44 , 3 , 77 , 8 , 4
Dickson, 036, , 44 , 3 , 77 , 8 , 4
Thavarajasoorier, 036, , 44 , 3 , 77 , 8 , 4
Willert, 036, , 44 , 3 , 77 , 8 , 4

Ashe, 037, , 31 , 2 , 78 , 14 , 11
Carvalho, 037, , 31 , 2 , 78 , 14 , 11
Dickson, 037, , 31 , 2 , 78 , 14 , 11
Thavarajasoorier, 037, , 31 , 2 , 78 , 14 , 11
Willert, 037, , 31 , 2 , 78 , 14 , 11

Ashe, 038, , 62 , 0 , 99 , 4 , 5
Carvalho, 038, , 62 , 0 , 99 , 4 , 5
Dickson, 038, , 62 , 0 , 99 , 4 , 5
Thavarajasoorier, 038, , 62 , 0 , 99 , 4 , 5
Willert, 038, , 62 , 0 , 99 , 4 , 5

Ashe, 039, , 28 , 0 , 69 , 8 , 16
Carvalho, 039, , 28 , 0 , 69 , 8 , 16
Dickson, 039, , 28 , 0 , 69 , 8 , 16
Thavarajasoorier, 039, , 28 , 0 , 69 , 8 , 16
Willert, 039, , 28 , 0 , 69 , 8 , 16

Ashe, 040, , 59 , 0 , 101 , 14 , 2
Carvalho, 040, , 59 , 0 , 101 , 14 , 2
Dickson, 040, , 59 , 0 , 101 , 14 , 2
Thavarajasoorier, 040, , 59 , 0 , 101 , 14 , 2
Willert, 040, , 59 , 0 , 101 , 14 , 2

Ashe, 041, , 71 , 0 , 98 , 8 , 10
Carvalho, 041, , 71 , 0 , 98 , 8 , 10
Dickson, 041, , 71 , 0 , 98 , 8 , 10
Thavarajasoorier, 041, , 71 , 0 , 98 , 8 , 10
Willert, 041, , 71 , 0 , 98 , 8 , 10

Ashe, 042, , 66 , 4 , 109 , 20 , 18
Carvalho, 042, , 66 , 4 , 109 , 20 , 18
Dickson, 042, , 66 , 4 , 109 , 20 , 18
Thavarajasoorier, 042, , 66 , 4 , 109 , 20 , 18
Willert, 042, , 66 , 4 , 109 , 20 , 18

Ashe, 043, , 34 , 0 , 83 , 8 , 4
Carvalho, 043, , 34 , 0 , 83 , 8 , 4
Dickson, 043, , 34 , 0 , 83 , 8 , 4
Thavarajasoorier, 043, , 34 , 0 , 83 , 8 , 4
Willert, 043, , 34 , 0 , 83 , 8 , 4

Ashe, 044, , 40 , 1 , 73 , 15 , 9
Carvalho, 044, , 40 , 1 , 73 , 15 , 9
Dickson, 044, , 40 , 1 , 73 , 15 , 9
Thavarajasoorier, 044, , 40 , 1 , 73 , 15 , 9
Willert, 044, , 40 , 1 , 73 , 15 , 9

Ashe, 045, , 43 , 2 , 70 , 17 , 13
Carvalho, 045, , 43 , 2 , 70 , 17 , 13
Dickson, 045, , 43 , 2 , 70 , 17 , 13
Thavarajasoorier, 045, , 43 , 2 , 70 , 17 , 13
Willert, 045, , 43 , 2 , 70 , 17 , 13

Ashe, 046, , 58 , 0 , 68 , 5 , 13
Carvalho, 046, , 58 , 0 , 68 , 5 , 13
Dickson, 046, , 58 , 0 , 68 , 5 , 13
Thavarajasoorier, 046, , 58 , 0 , 68 , 5 , 13
Willert, 046, , 58 , 0 , 68 , 5 , 13

Ashe, 047, , 51 , 3 , 82 , 17 , 9
Carvalho, 047, , 51 , 3 , 82 , 17 , 9
Dickson, 047, , 51 , 3 , 82 , 17 , 9
Thavarajasoorier, 047, , 51 , 3 , 82 , 17 , 9
Willert, 047, , 51 , 3 , 82 , 17 , 9

Ashe, 048, , 42 , 2 , 36 , 13 , 1
Carvalho, 048, , 42 , 2 , 36 , 13 , 1
Dickson, 048, , 42 , 2 , 36 , 13 , 1
Thavarajasoorier, 048, , 42 , 2 , 36 , 13 , 1
Willert, 048, , 42 , 2 , 36 , 13 , 1

Ashe, 049, , 63 , 0 , 112 , 6 , 6
Carvalho, 049, , 63 , 0 , 112 , 6 , 6
Dickson, 049, , 63 , 0 , 112 , 6 , 6
Thavarajasoorier, 049, , 63 , 0 , 112 , 6 , 6
Willert, 049, , 63 , 0 , 112 , 6 , 6

Ashe, 050, , 104 , 1 , 93 , 18 , 12
Carvalho, 050, , 104 , 1 , 93 , 18 , 12
Dickson, 050, , 104 , 1 , 93 , 18 , 12
Thavarajasoorier, 050, , 104 , 1 , 93 , 18 , 12
Willert, 050, , 104 , 1 , 93 , 18 , 12

Ashe, 051, , 86 , 3 , 113 , 19 , 13
Carvalho, 051, , 86 , 3 , 113 , 19 , 13
Dickson, 051, , 86 , 3 , 113 , 19 , 13
Thavarajasoorier, 051, , 86 , 3 , 113 , 19 , 13
Willert, 051, , 86 , 3 , 113 , 19 , 13

Ashe, 052, , 54 , 1 , 116 , 8 , 6
Carvalho, 052, , 54 , 1 , 116 , 8 , 6
Dickson, 052, , 54 , 1 , 116 , 8 , 6
Thavarajasoorier, 052, , 54 , 1 , 116 , 8 , 6
Willert, 052, , 54 , 1 , 116 , 8 , 6

Ashe, Ashe, 053, , 65 , 2 , 97 , 7 , 10
Carvalho, 053, , 65 , 2 , 97 , 7 , 10
Dickson, 053, , 65 , 2 , 97 , 7 , 10
Thavarajasoorier, 053, , 65 , 2 , 97 , 7 , 10
Willert, 053, , 65 , 2 , 97 , 7 , 10

Ashe, 054, , 76 , 2 , 96 , 12 , 9
Carvalho, 054, , 76 , 2 , 96 , 12 , 9
Dickson, 054, , 76 , 2 , 96 , 12 , 9
Thavarajasoorier, 054, , 76 , 2 , 96 , 12 , 9
Willert, 054, , 76 , 2 , 96 , 12 , 9

Ashe, 055, , 67 , 5 , 101 , 21 , 13
Carvalho, 055, , 67 , 5 , 101 , 21 , 13
Dickson, 055, , 67 , 5 , 101 , 21 , 13
Thavarajasoorier, 055, , 67 , 5 , 101 , 21 , 13
Willert, 055, , 67 , 5 , 101 , 21 , 13

Ashe, 056, , 38 , 2 , 120 , 24 , 7
Carvalho, 056, , 38 , 2 , 120 , 24 , 7
Dickson, 056, , 38 , 2 , 120 , 24 , 7
Thavarajasoorier, 056, , 38 , 2 , 120 , 24 , 7
Willert, 056, , 38 , 2 , 120 , 24 , 7

Ashe, 057, , 70 , 2 , 90 , 16 , 6
Carvalho, 057, , 70 , 2 , 90 , 16 , 6
Dickson, 057, , 70 , 2 , 90 , 16 , 6
Thavarajasoorier, 057, , 70 , 2 , 90 , 16 , 6
Willert, 057, , 70 , 2 , 90 , 16 , 6

Ashe, 058, , 58 , 3 , 152 , 15 , 9
Carvalho, 058, , 58 , 3 , 152 , 15 , 9
Dickson, 058, , 58 , 3 , 152 , 15 , 9
Thavarajasoorier, 058, , 58 , 3 , 152 , 15 , 9
Willert, 058, , 58 , 3 , 152 , 15 , 9

Ashe, 059, , 78 , 0 , 127 , 13 , 18
Carvalho, 059, , 78 , 0 , 127 , 13 , 18
Dickson, 059, , 78 , 0 , 127 , 13 , 18
Thavarajasoorier, 059, , 78 , 0 , 127 , 13 , 18
Willert, 059, , 78 , 0 , 127 , 13 , 18

Ashe, 060, , 57 , 1 , 128 , 6 , 14
Carvalho, 060, , 57 , 1 , 128 , 6 , 14
Dickson, 060, , 57 , 1 , 128 , 6 , 14
Thavarajasoorier, 060, , 57 , 1 , 128 , 6 , 14
Willert, 060, , 57 , 1 , 128 , 6 , 14

Ashe, 061, , 83 , 2 , 133 , 14 , 12
Carvalho, 061, , 83 , 2 , 133 , 14 , 12
Dickson, 061, , 83 , 2 , 133 , 14 , 12
Thavarajasoorier, 061, , 83 , 2 , 133 , 14 , 12
Willert, 061, , 83 , 2 , 133 , 14 , 12

Ashe, 062, , 51 , 2 , 77 , 12 , 5
Carvalho, 062, , 51 , 2 , 77 , 12 , 5
Dickson, 062, , 51 , 2 , 77 , 12 , 5
Thavarajasoorier, 062, , 51 , 2 , 77 , 12 , 5
Willert, 062, , 51 , 2 , 77 , 12 , 5

Ashe, 063, , 62 , 0 , 92 , 13 , 7
Carvalho, 063, , 62 , 0 , 92 , 13 , 7
Dickson, 063, , 62 , 0 , 92 , 13 , 7
Thavarajasoorier, 063, , 62 , 0 , 92 , 13 , 7
Willert, 063, , 62 , 0 , 92 , 13 , 7

Ashe, 064, , 49 , 1 , 78 , 13 , 15
Carvalho, 064, , 49 , 1 , 78 , 13 , 15
Dickson, 064, , 49 , 1 , 78 , 13 , 15
Thavarajasoorier, 064, , 49 , 1 , 78 , 13 , 15
Willert, 064, , 49 , 1 , 78 , 13 , 15

Ashe, 065, , 59 , 2 , 93 , 11 , 11
Carvalho, 065, , 59 , 2 , 93 , 11 , 11
Dickson, 065, , 59 , 2 , 93 , 11 , 11
Thavarajasoorier, 065, , 59 , 2 , 93 , 11 , 11
Willert, 065, , 59 , 2 , 93 , 11 , 11

Ashe, 066, , 58 , 1 , 82 , 25 , 13
Carvalho, 066, , 58 , 1 , 82 , 25 , 13
Dickson, 066, , 58 , 1 , 82 , 25 , 13
Thavarajasoorier, 066, , 58 , 1 , 82 , 25 , 13
Willert, 066, , 58 , 1 , 82 , 25 , 13

Ashe, 067, , 69 , 1 , 105 , 21 , 21
Carvalho, 067, , 69 , 1 , 105 , 21 , 21
Dickson, 067, , 69 , 1 , 105 , 21 , 21
Thavarajasoorier, 067, , 69 , 1 , 105 , 21 , 21
Willert, 067, , 69 , 1 , 105 , 21 , 21

Ashe, 068, , 61 , 2 , 84 , 23 , 17
Carvalho, 068, , 61 , 2 , 84 , 23 , 17
Dickson, 068, , 61 , 2 , 84 , 23 , 17
Thavarajasoorier, 068, , 61 , 2 , 84 , 23 , 17
Willert, 068, , 61 , 2 , 84 , 23 , 17

Ashe, 069, , 58 , 0 , 66 , 12 , 14
Carvalho, 069, , 58 , 0 , 66 , 12 , 14
Dickson, 069, , 58 , 0 , 66 , 12 , 14
Thavarajasoorier, 069, , 58 , 0 , 66 , 12 , 14
Willert, 069, , 58 , 0 , 66 , 12 , 14

Ashe, 070, , 83 , 1 , 74 , 13 , 8
Carvalho, 070, , 83 , 1 , 74 , 13 , 8
Dickson, 070, , 83 , 1 , 74 , 13 , 8
Thavarajasoorier, 070, , 83 , 1 , 74 , 13 , 8
Willert, 070, , 83 , 1 , 74 , 13 , 8

Ashe, 071, , 52 , 3 , 82 , 16 , 19
Carvalho, 071, , 52 , 3 , 82 , 16 , 19
Dickson, 071, , 52 , 3 , 82 , 16 , 19
Thavarajasoorier, 071, , 52 , 3 , 82 , 16 , 19
Willert, 071, , 52 , 3 , 82 , 16 , 19

Ashe, 072, , 45 , 1 , 91 , 14 , 6
Carvalho, 072, , 45 , 1 , 91 , 14 , 6
Dickson, 072, , 45 , 1 , 91 , 14 , 6
Thavarajasoorier, 072, , 45 , 1 , 91 , 14 , 6
Willert, 072, , 45 , 1 , 91 , 14 , 6

Ashe, 073, , 79 , 3 , 96 , 17 , 6
Carvalho, 073, , 79 , 3 , 96 , 17 , 6
Dickson, 073, , 79 , 3 , 96 , 17 , 6
Thavarajasoorier, 073, , 79 , 3 , 96 , 17 , 6
Willert, 073, , 79 , 3 , 96 , 17 , 6

Ashe, 074, , 53 , 1 , 130 , 16 , 10
Carvalho, 074, , 53 , 1 , 130 , 16 , 10
Dickson, 074, , 53 , 1 , 130 , 16 , 10
Thavarajasoorier, 074, , 53 , 1 , 130 , 16 , 10
Willert, 074, , 53 , 1 , 130 , 16 , 10

Ashe, 075A, , 33 , 1 , 75 , 13 , 8
Carvalho, 075A, , 33 , 1 , 75 , 13 , 8
Dickson, 075A, , 33 , 1 , 75 , 13 , 8
Thavarajasoorier, 075A, , 33 , 1 , 75 , 13 , 8
Willert, 075A, , 33 , 1 , 75 , 13 , 8

Ashe, 075B, , 75 , 10 , 113 , 12 , 13
Carvalho, 075B, , 75 , 10 , 113 , 12 , 13
Dickson, 075B, , 75 , 10 , 113 , 12 , 13
Thavarajasoorier, 075B, , 75 , 10 , 113 , 12 , 13
Willert, 075B, , 75 , 10 , 113 , 12 , 13

Ashe, 076, , 33 , 0 , 59 , 11 , 11
Carvalho, 076, , 33 , 0 , 59 , 11 , 11
Dickson, 076, , 33 , 0 , 59 , 11 , 11
Thavarajasoorier, 076, , 33 , 0 , 59 , 11 , 11
Willert, 076, , 33 , 0 , 59 , 11 , 11

Ashe, 077, , 38 , 1 , 82 , 9 , 12
Carvalho, 077, , 38 , 1 , 82 , 9 , 12
Dickson, 077, , 38 , 1 , 82 , 9 , 12
Thavarajasoorier, 077, , 38 , 1 , 82 , 9 , 12
Willert, 077, , 38 , 1 , 82 , 9 , 12

Ashe, 078, , 50 , 0 78 , 15 , 3
Carvalho, 078, , 50 , 0 78 , 15 , 3
Dickson, 078, , 50 , 0 78 , 15 , 3
Thavarajasoorier, 078, , 50 , 0 78 , 15 , 3
Willert, 078, , 50 , 0 78 , 15 , 3

Ashe, 079, , 49 , 1 102 , 16 , 9
Carvalho, 079, , 49 , 1 102 , 16 , 9
Dickson, 079, , 49 , 1 102 , 16 , 9
Thavarajasoorier, 079, , 49 , 1 102 , 16 , 9
Willert, 079, , 49 , 1 102 , 16 , 9

Ashe, 080, , 49 , 2 81 , 20 , 6
Carvalho, 080, , 49 , 2 81 , 20 , 6
Dickson, 080, , 49 , 2 81 , 20 , 6
Thavarajasoorier, 080, , 49 , 2 81 , 20 , 6
Willert, 080, , 49 , 2 81 , 20 , 6

Ashe, 081, , 53 , 3 60 , 18 , 19
Carvalho, 081, , 53 , 3 60 , 18 , 19
Dickson, 081, , 53 , 3 60 , 18 , 19
Thavarajasoorier, 081, , 53 , 3 60 , 18 , 19
Willert, 081, , 53 , 3 60 , 18 , 19

Ashe, 082, , 88 , 2 123 , 17 , 12
Carvalho, 082, , 88 , 2 123 , 17 , 12
Dickson, 082, , 88 , 2 123 , 17 , 12
Thavarajasoorier, 082, , 88 , 2 123 , 17 , 12
Willert, 082, , 88 , 2 123 , 17 , 12

Ashe, 083, , 75 , 0 84 , 4 , 6
Carvalho, 083, , 75 , 0 84 , 4 , 6
Dickson, 083, , 75 , 0 84 , 4 , 6
Thavarajasoorier, 083, , 75 , 0 84 , 4 , 6
Willert, 083, , 75 , 0 84 , 4 , 6

Ashe, 084, , 73 , 0 140 , 25 , 12
Carvalho, 084, , 73 , 0 140 , 25 , 12
Dickson, 084, , 73 , 0 140 , 25 , 12
Thavarajasoorier, 084, , 73 , 0 140 , 25 , 12
Willert, 084, , 73 , 0 140 , 25 , 12

Ashe, 085A, , 35 , 2 67 , 10 , 5
Carvalho, 085A, , 35 , 2 67 , 10 , 5
Dickson, 085A, , 35 , 2 67 , 10 , 5
Thavarajasoorier, 085A, , 35 , 2 67 , 10 , 5
Willert, 085A, , 35 , 2 67 , 10 , 5

Ashe, 085B, , 27 , 0 96 , 9 , 7
Carvalho, 085B, , 27 , 0 96 , 9 , 7
Dickson, 085B, , 27 , 0 96 , 9 , 7
Thavarajasoorier, 085B, , 27 , 0 96 , 9 , 7
Willert, 085B, , 27 , 0 96 , 9 , 7

Ashe, 086, , 48 , 0 127 , 20 , 17
Carvalho, 086, , 48 , 0 127 , 20 , 17
Dickson, 086, , 48 , 0 127 , 20 , 17
Thavarajasoorier, 086, , 48 , 0 127 , 20 , 17
Willert, 086, , 48 , 0 127 , 20 , 17

Ashe, 087, , 66 , 0 102 , 19 , 21
Carvalho, 087, , 66 , 0 102 , 19 , 21
Dickson, 087, , 66 , 0 102 , 19 , 21
Thavarajasoorier, 087, , 66 , 0 102 , 19 , 21
Willert, 087, , 66 , 0 102 , 19 , 21

Ashe, 088, , 47 , 1 103 , 12 , 3
Carvalho, 088, , 47 , 1 103 , 12 , 3
Dickson, 088, , 47 , 1 103 , 12 , 3
Thavarajasoorier, 088, , 47 , 1 103 , 12 , 3
Willert, 088, , 47 , 1 103 , 12 , 3

Ashe, 089, , 57 , 2 90 , 14 , 15
Carvalho, 089, , 57 , 2 90 , 14 , 15
Dickson, 089, , 57 , 2 90 , 14 , 15
Thavarajasoorier, 089, , 57 , 2 90 , 14 , 15
Willert, 089, , 57 , 2 90 , 14 , 15

Ashe, 090, , 39 , 3 90 , 15 , 11
Carvalho, 090, , 39 , 3 90 , 15 , 11
Dickson, 090, , 39 , 3 90 , 15 , 11
Thavarajasoorier, 090, , 39 , 3 90 , 15 , 11
Willert, 090, , 39 , 3 90 , 15 , 11

Ashe, 091, , 51 , 3 103 , 6 , 13
Carvalho, 091, , 51 , 3 103 , 6 , 13
Dickson, 091, , 51 , 3 103 , 6 , 13
Thavarajasoorier, 091, , 51 , 3 103 , 6 , 13
Willert, 091, , 51 , 3 103 , 6 , 13

Ashe, 092A, , 31 , 1 65 , 14 , 3
Carvalho, 092A, , 31 , 1 65 , 14 , 3
Dickson, 092A, , 31 , 1 65 , 14 , 3
Thavarajasoorier, 092A, , 31 , 1 65 , 14 , 3
Willert, 092A, , 31 , 1 65 , 14 , 3

Ashe, 092B, , 25 , 2 53 , 15 , 4
Carvalho, 092B, , 25 , 2 53 , 15 , 4
Dickson, 092B, , 25 , 2 53 , 15 , 4
Thavarajasoorier, 092B, , 25 , 2 53 , 15 , 4
Willert, 092B, , 25 , 2 53 , 15 , 4

Ashe, 093, , 108 , 1 122 , 16 , 20
Carvalho, 093, , 108 , 1 122 , 16 , 20
Dickson, 093, , 108 , 1 122 , 16 , 20
Thavarajasoorier, 093, , 108 , 1 122 , 16 , 20
Willert, 093, , 108 , 1 122 , 16 , 20

Ashe, 094, , 88 , 0 123 , 11 , 6
Carvalho, 094, , 88 , 0 123 , 11 , 6
Dickson, 094, , 88 , 0 123 , 11 , 6
Thavarajasoorier, 094, , 88 , 0 123 , 11 , 6
Willert, 094, , 88 , 0 123 , 11 , 6

Ashe, 095, , 70 , 2 104 , 9 , 13
Carvalho, 095, , 70 , 2 104 , 9 , 13
Dickson, 095, , 70 , 2 104 , 9 , 13
Thavarajasoorier, 095, , 70 , 2 104 , 9 , 13
Willert, 095, , 70 , 2 104 , 9 , 13

None, 096, "NO POLL HELD"

Ashe, 096-1s, , 11 , 4 20 , 10 , 5
Carvalho, 096-1s, , 11 , 4 20 , 10 , 5
Dickson, 096-1s, , 11 , 4 20 , 10 , 5
Thavarajasoorier, 096-1s, , 11 , 4 20 , 10 , 5
Willert, 096-1s, , 11 , 4 20 , 10 , 5

Ashe, 097, , 94 , 0 85 , 22 , 15
Carvalho, 097, , 94 , 0 85 , 22 , 15
Dickson, 097, , 94 , 0 85 , 22 , 15
Thavarajasoorier, 097, , 94 , 0 85 , 22 , 15
Willert, 097, , 94 , 0 85 , 22 , 15

Ashe, 098, , 51 , 2 77 , 12 , 14
Carvalho, 098, , 51 , 2 77 , 12 , 14
Dickson, 098, , 51 , 2 77 , 12 , 14
Thavarajasoorier, 098, , 51 , 2 77 , 12 , 14
Willert, 098, , 51 , 2 77 , 12 , 14

Ashe, 099, , 67 , 2 87 , 19 , 20
Carvalho, 099, , 67 , 2 87 , 19 , 20
Dickson, 099, , 67 , 2 87 , 19 , 20
Thavarajasoorier, 099, , 67 , 2 87 , 19 , 20
Willert, 099, , 67 , 2 87 , 19 , 20

Ashe, 100, , 85 , 0 100 , 23 , 16
Carvalho, 100, , 85 , 0 100 , 23 , 16
Dickson, 100, , 85 , 0 100 , 23 , 16
Thavarajasoorier, 100, , 85 , 0 100 , 23 , 16
Willert, 100, , 85 , 0 100 , 23 , 16

Ashe, 101, , 69 , 5 88 , 12 , 21
Carvalho, 101, , 69 , 5 88 , 12 , 21
Dickson, 101, , 69 , 5 88 , 12 , 21
Thavarajasoorier, 101, , 69 , 5 88 , 12 , 21
Willert, 101, , 69 , 5 88 , 12 , 21

Ashe, 102, , 111 , 0 114 , 23 , 26
Carvalho, 102, , 111 , 0 114 , 23 , 26
Dickson, 102, , 111 , 0 114 , 23 , 26
Thavarajasoorier, 102, , 111 , 0 114 , 23 , 26
Willert, 102, , 111 , 0 114 , 23 , 26

Ashe, 103, 69 , 0 75 , 22 , 22
Carvalho, 103, 69 , 0 75 , 22 , 22
Dickson, 103, 69 , 0 75 , 22 , 22
Thavarajasoorier, 103, 69 , 0 75 , 22 , 22
Willert, 103, 69 , 0 75 , 22 , 22

Ashe, 104, 69 , 2 85 , 24 , 17
Carvalho, 104, 69 , 2 85 , 24 , 17
Dickson, 104, 69 , 2 85 , 24 , 17
Thavarajasoorier, 104, 69 , 2 85 , 24 , 17
Willert, 104, 69 , 2 85 , 24 , 17

Ashe, 105, 76 , 4 65 , 13 , 9
Carvalho, 105, 76 , 4 65 , 13 , 9
Dickson, 105, 76 , 4 65 , 13 , 9
Thavarajasoorier, 105, 76 , 4 65 , 13 , 9
Willert, 105, 76 , 4 65 , 13 , 9

Ashe, 106, 103 , 3 95 , 12 , 14
Carvalho, 106, 103 , 3 95 , 12 , 14
Dickson, 106, 103 , 3 95 , 12 , 14
Thavarajasoorier, 106, 103 , 3 95 , 12 , 14
Willert, 106, 103 , 3 95 , 12 , 14

Ashe, 107, 72 , 1 108 , 9 , 13
Carvalho, 107, 72 , 1 108 , 9 , 13
Dickson, 107, 72 , 1 108 , 9 , 13
Thavarajasoorier, 107, 72 , 1 108 , 9 , 13
Willert, 107, 72 , 1 108 , 9 , 13

Ashe, 108, 62 , 1 83 , 21 , 9
Carvalho, 108, 62 , 1 83 , 21 , 9
Dickson, 108, 62 , 1 83 , 21 , 9
Thavarajasoorier, 108, 62 , 1 83 , 21 , 9
Willert, 108, 62 , 1 83 , 21 , 9

Ashe, 109, 45 , 1 113 , 20 , 10
Carvalho, 109, 45 , 1 113 , 20 , 10
Dickson, 109, 45 , 1 113 , 20 , 10
Thavarajasoorier, 109, 45 , 1 113 , 20 , 10
Willert, 109, 45 , 1 113 , 20 , 10

Ashe, 110, 47 , 0 101 , 23 , 22
Carvalho, 110, 47 , 0 101 , 23 , 22
Dickson, 110, 47 , 0 101 , 23 , 22
Thavarajasoorier, 110, 47 , 0 101 , 23 , 22
Willert, 110, 47 , 0 101 , 23 , 22

Ashe, 111, 31 , 0 90 , 19 , 14
Carvalho, 111, 31 , 0 90 , 19 , 14
Dickson, 111, 31 , 0 90 , 19 , 14
Thavarajasoorier, 111, 31 , 0 90 , 19 , 14
Willert, 111, 31 , 0 90 , 19 , 14

Ashe, 112, 43 , 1 52 , 10 , 21
Carvalho, 112, 43 , 1 52 , 10 , 21
Dickson, 112, 43 , 1 52 , 10 , 21
Thavarajasoorier, 112, 43 , 1 52 , 10 , 21
Willert, 112, 43 , 1 52 , 10 , 21

Ashe, 113, 39 , 0 61 , 21 , 21
Carvalho, 113, 39 , 0 61 , 21 , 21
Dickson, 113, 39 , 0 61 , 21 , 21
Thavarajasoorier, 113, 39 , 0 61 , 21 , 21
Willert, 113, 39 , 0 61 , 21 , 21

Ashe, 114, 38 , 1 86 , 16 , 6
Carvalho, 114, 38 , 1 86 , 16 , 6
Dickson, 114, 38 , 1 86 , 16 , 6
Thavarajasoorier, 114, 38 , 1 86 , 16 , 6
Willert, 114, 38 , 1 86 , 16 , 6

Ashe, 115, 44 , 1 88 , 22 , 23
Carvalho, 115, 44 , 1 88 , 22 , 23
Dickson, 115, 44 , 1 88 , 22 , 23
Thavarajasoorier, 115, 44 , 1 88 , 22 , 23
Willert, 115, 44 , 1 88 , 22 , 23

Ashe, 116s, 21 , 1 30 , 5 , 2
Carvalho, 116s, 21 , 1 30 , 5 , 2
Dickson, 116s, 21 , 1 30 , 5 , 2
Thavarajasoorier, 116s, 21 , 1 30 , 5 , 2
Willert, 116s, 21 , 1 30 , 5 , 2

Ashe, 117, 77 , 1 96 , 24 , 17
Carvalho, 117, 77 , 1 96 , 24 , 17
Dickson, 117, 77 , 1 96 , 24 , 17
Thavarajasoorier, 117, 77 , 1 96 , 24 , 17
Willert, 117, 77 , 1 96 , 24 , 17

Ashe, 118, 40 , 0 70 , 15 , 16
Carvalho, 118, 40 , 0 70 , 15 , 16
Dickson, 118, 40 , 0 70 , 15 , 16
Thavarajasoorier, 118, 40 , 0 70 , 15 , 16
Willert, 118, 40 , 0 70 , 15 , 16

Ashe, 119, 91 , 2 87 , 17 , 23
Carvalho, 119, 91 , 2 87 , 17 , 23
Dickson, 119, 91 , 2 87 , 17 , 23
Thavarajasoorier, 119, 91 , 2 87 , 17 , 23
Willert, 119, 91 , 2 87 , 17 , 23

Ashe, 120, 60 , 2 103 , 17 , 27
Carvalho, 120, 60 , 2 103 , 17 , 27
Dickson, 120, 60 , 2 103 , 17 , 27
Thavarajasoorier, 120, 60 , 2 103 , 17 , 27
Willert, 120, 60 , 2 103 , 17 , 27

Ashe, 121A, 49 , 1 78 , 18 , 22
Carvalho, 121A, 49 , 1 78 , 18 , 22
Dickson, 121A, 49 , 1 78 , 18 , 22
Thavarajasoorier, 121A, 49 , 1 78 , 18 , 22
Willert, 121A, 49 , 1 78 , 18 , 22

Ashe, 121B, 47 , 0 75 , 17 , 3
Carvalho, 121B, 47 , 0 75 , 17 , 3
Dickson, 121B, 47 , 0 75 , 17 , 3
Thavarajasoorier, 121B, 47 , 0 75 , 17 , 3
Willert, 121B, 47 , 0 75 , 17 , 3

Ashe, 122, 60 , 2 102 , 18 , 16
Carvalho, 122, 60 , 2 102 , 18 , 16
Dickson, 122, 60 , 2 102 , 18 , 16
Thavarajasoorier, 122, 60 , 2 102 , 18 , 16
Willert, 122, 60 , 2 102 , 18 , 16

None, 123, "NO POLL HELD"

Ashe, 124A, 40 , 2 45 , 9 , 15
Carvalho, 124A, 40 , 2 45 , 9 , 15
Dickson, 124A, 40 , 2 45 , 9 , 15
Thavarajasoorier, 124A, 40 , 2 45 , 9 , 15
Willert, 124A, 40 , 2 45 , 9 , 15

Ashe, 124B, 32 , 3 31 , 1 , 23
Carvalho, 124B, 32 , 3 31 , 1 , 23
Dickson, 124B, 32 , 3 31 , 1 , 23
Thavarajasoorier, 124B, 32 , 3 31 , 1 , 23
Willert, 124B, 32 , 3 31 , 1 , 23

Ashe, 125, 61 , 3 106 , 16 , 12
Carvalho, 125, 61 , 3 106 , 16 , 12
Dickson, 125, 61 , 3 106 , 16 , 12
Thavarajasoorier, 125, 61 , 3 106 , 16 , 12
Willert, 125, 61 , 3 106 , 16 , 12

Ashe, 126, 97 , 2 65 , 9 , 11
Carvalho, 126, 97 , 2 65 , 9 , 11
Dickson, 126, 97 , 2 65 , 9 , 11
Thavarajasoorier, 126, 97 , 2 65 , 9 , 11
Willert, 126, 97 , 2 65 , 9 , 11

Ashe, 127, 98 , 0 105 , 17 , 8
Carvalho, 127, 98 , 0 105 , 17 , 8
Dickson, 127, 98 , 0 105 , 17 , 8
Thavarajasoorier, 127, 98 , 0 105 , 17 , 8
Willert, 127, 98 , 0 105 , 17 , 8

Ashe, 128, 83 , 0 129 , 9 , 14
Carvalho, 128, 83 , 0 129 , 9 , 14
Dickson, 128, 83 , 0 129 , 9 , 14
Thavarajasoorier, 128, 83 , 0 129 , 9 , 14
Willert, 128, 83 , 0 129 , 9 , 14

Ashe, 129, , 84 , 2 105 , 18 , 12
Carvalho, 129, , 84 , 2 105 , 18 , 12
Dickson, 129, , 84 , 2 105 , 18 , 12
Thavarajasoorier, 129, , 84 , 2 105 , 18 , 12
Willert, 129, , 84 , 2 105 , 18 , 12

Ashe, 130, , 76 , 4 97 , 15 , 19
Carvalho, 130, , 76 , 4 97 , 15 , 19
Dickson, 130, , 76 , 4 97 , 15 , 19
Thavarajasoorier, 130, , 76 , 4 97 , 15 , 19
Willert, 130, , 76 , 4 97 , 15 , 19

Ashe, 131A, , 55 , 2 62 , 9 , 13
Carvalho, 131A, , 55 , 2 62 , 9 , 13
Dickson, 131A, , 55 , 2 62 , 9 , 13
Thavarajasoorier, 131A, , 55 , 2 62 , 9 , 13
Willert, 131A, , 55 , 2 62 , 9 , 13

Ashe, 131B, , 50 , 2 73 , 11 , 13
Carvalho, 131B, , 50 , 2 73 , 11 , 13
Dickson, 131B, , 50 , 2 73 , 11 , 13
Thavarajasoorier, 131B, , 50 , 2 73 , 11 , 13
Willert, 131B, , 50 , 2 73 , 11 , 13

Ashe, 132, , 54 , 0 87 , 11 , 13
Carvalho, 132, , 54 , 0 87 , 11 , 13
Dickson, 132, , 54 , 0 87 , 11 , 13
Thavarajasoorier, 132, , 54 , 0 87 , 11 , 13
Willert, 132, , 54 , 0 87 , 11 , 13

Ashe, 133, , 35 , 0 48 , 10 , 7
Carvalho, 133, , 35 , 0 48 , 10 , 7
Dickson, 133, , 35 , 0 48 , 10 , 7
Thavarajasoorier, 133, , 35 , 0 48 , 10 , 7
Willert, 133, , 35 , 0 48 , 10 , 7

Ashe, 134s, , 38 , 4 43 , 14 , 0
Carvalho, 134s, , 38 , 4 43 , 14 , 0
Dickson, 134s, , 38 , 4 43 , 14 , 0
Thavarajasoorier, 134s, , 38 , 4 43 , 14 , 0
Willert, 134s, , 38 , 4 43 , 14 , 0

Ashe, 135, , 43 , 6 52 , 14 , 21
Carvalho, 135, , 43 , 6 52 , 14 , 21
Dickson, 135, , 43 , 6 52 , 14 , 21
Thavarajasoorier, 135, , 43 , 6 52 , 14 , 21
Willert, 135, , 43 , 6 52 , 14 , 21

Ashe, 136, , 54 , 2 96 , 16 , 18
Carvalho, 136, , 54 , 2 96 , 16 , 18
Dickson, 136, , 54 , 2 96 , 16 , 18
Thavarajasoorier, 136, , 54 , 2 96 , 16 , 18
Willert, 136, , 54 , 2 96 , 16 , 18

Ashe, 137A, , 39 , 1 52 , 16 , 4
Carvalho, 137A, , 39 , 1 52 , 16 , 4
Dickson, 137A, , 39 , 1 52 , 16 , 4
Thavarajasoorier, 137A, , 39 , 1 52 , 16 , 4
Willert, 137A, , 39 , 1 52 , 16 , 4

Ashe, 137B, , 22 , 1 62 , 22 , 9
Carvalho, 137B, , 22 , 1 62 , 22 , 9
Dickson, 137B, , 22 , 1 62 , 22 , 9
Thavarajasoorier, 137B, , 22 , 1 62 , 22 , 9
Willert, 137B, , 22 , 1 62 , 22 , 9

Ashe, 138, , 33 , 0 58 , 20 , 5
Carvalho, 138, , 33 , 0 58 , 20 , 5
Dickson, 138, , 33 , 0 58 , 20 , 5
Thavarajasoorier, 138, , 33 , 0 58 , 20 , 5
Willert, 138, , 33 , 0 58 , 20 , 5

Ashe, 139, , 25 , 1 72 , 12 , 6
Carvalho, 139, , 25 , 1 72 , 12 , 6
Dickson, 139, , 25 , 1 72 , 12 , 6
Thavarajasoorier, 139, , 25 , 1 72 , 12 , 6
Willert, 139, , 25 , 1 72 , 12 , 6

Ashe, 140, , 23 , 2 56 , 5 , 10
Carvalho, 140, , 23 , 2 56 , 5 , 10
Dickson, 140, , 23 , 2 56 , 5 , 10
Thavarajasoorier, 140, , 23 , 2 56 , 5 , 10
Willert, 140, , 23 , 2 56 , 5 , 10

Ashe, 141, , 50 , 2 94 , 14 , 21
Carvalho, 141, , 50 , 2 94 , 14 , 21
Dickson, 141, , 50 , 2 94 , 14 , 21
Thavarajasoorier, 141, , 50 , 2 94 , 14 , 21
Willert, 141, , 50 , 2 94 , 14 , 21

None, 142, "NO POLL HELD"

Ashe, 143s, , 19 , 2 43 , 5 , 0
Carvalho, 143s, , 19 , 2 43 , 5 , 0
Dickson, 143s, , 19 , 2 43 , 5 , 0
Thavarajasoorier, 143s, , 19 , 2 43 , 5 , 0
Willert, 143s, , 19 , 2 43 , 5 , 0

Ashe, 144, , 40 , 2 58 , 12 , 10
Carvalho, 144, , 40 , 2 58 , 12 , 10
Dickson, 144, , 40 , 2 58 , 12 , 10
Thavarajasoorier, 144, , 40 , 2 58 , 12 , 10
Willert, 144, , 40 , 2 58 , 12 , 10

Ashe, 145, , 23 , 2 27 , 14 , 4
Carvalho, 145, , 23 , 2 27 , 14 , 4
Dickson, 145, , 23 , 2 27 , 14 , 4
Thavarajasoorier, 145, , 23 , 2 27 , 14 , 4
Willert, 145, , 23 , 2 27 , 14 , 4

Ashe, 146s, , 55 , 2 93 , 21 , 21
Carvalho, 146s, , 55 , 2 93 , 21 , 21
Dickson, 146s, , 55 , 2 93 , 21 , 21
Thavarajasoorier, 146s, , 55 , 2 93 , 21 , 21
Willert, 146s, , 55 , 2 93 , 21 , 21

Ashe, 147, , 66 , 2 69 , 26 , 17
Carvalho, 147, , 66 , 2 69 , 26 , 17
Dickson, 147, , 66 , 2 69 , 26 , 17
Thavarajasoorier, 147, , 66 , 2 69 , 26 , 17
Willert, 147, , 66 , 2 69 , 26 , 17

None, 148, "NO POLL HELD"

Ashe, 149, , 46 , 4 77 , 11 , 25
Carvalho, 149, , 46 , 4 77 , 11 , 25
Dickson, 149, , 46 , 4 77 , 11 , 25
Thavarajasoorier, 149, , 46 , 4 77 , 11 , 25
Willert, 149, , 46 , 4 77 , 11 , 25

Ashe, 150, , 54 , 0 59 , 20 , 11
Carvalho, 150, , 54 , 0 59 , 20 , 11
Dickson, 150, , 54 , 0 59 , 20 , 11
Thavarajasoorier, 150, , 54 , 0 59 , 20 , 11
Willert, 150, , 54 , 0 59 , 20 , 11

Ashe, 151A, , 32 , 0 45 , 14 , 6
Carvalho, 151A, , 32 , 0 45 , 14 , 6
Dickson, 151A, , 32 , 0 45 , 14 , 6
Thavarajasoorier, 151A, , 32 , 0 45 , 14 , 6
Willert, 151A, , 32 , 0 45 , 14 , 6

Ashe, 151B, , 40 , 1 42 , 5 , 9
Carvalho, 151B, , 40 , 1 42 , 5 , 9
Dickson, 151B, , 40 , 1 42 , 5 , 9
Thavarajasoorier, 151B, , 40 , 1 42 , 5 , 9
Willert, 151B, , 40 , 1 42 , 5 , 9

Ashe, 152, , 79 , 1 87 , 20 , 15
Carvalho, 152, , 79 , 1 87 , 20 , 15
Dickson, 152, , 79 , 1 87 , 20 , 15
Thavarajasoorier, 152, , 79 , 1 87 , 20 , 15
Willert, 152, , 79 , 1 87 , 20 , 15

Ashe, 153, , 41 , 2 79 , 19 , 6
Carvalho, 153, , 41 , 2 79 , 19 , 6
Dickson, 153, , 41 , 2 79 , 19 , 6
Thavarajasoorier, 153, , 41 , 2 79 , 19 , 6
Willert, 153, , 41 , 2 79 , 19 , 6

Ashe, 154, , 56 , 0 76 , 5 , 13
Carvalho, 154, , 56 , 0 76 , 5 , 13
Dickson, 154, , 56 , 0 76 , 5 , 13
Thavarajasoorier, 154, , 56 , 0 76 , 5 , 13
Willert, 154, , 56 , 0 76 , 5 , 13

Ashe, 155, , 49 , 0 78 , 20 , 16
Carvalho, 155, , 49 , 0 78 , 20 , 16
Dickson, 155, , 49 , 0 78 , 20 , 16
Thavarajasoorier, 155, , 49 , 0 78 , 20 , 16
Willert, 155, , 49 , 0 78 , 20 , 16

Ashe, 156, , 58 , 1 63 , 9 , 5
Carvalho, 156, , 58 , 1 63 , 9 , 5
Dickson, 156, , 58 , 1 63 , 9 , 5
Thavarajasoorier, 156, , 58 , 1 63 , 9 , 5
Willert, 156, , 58 , 1 63 , 9 , 5

Ashe, 157, , 114 , 1 95 , 14 , 12
Carvalho, 157, , 114 , 1 95 , 14 , 12
Dickson, 157, , 114 , 1 95 , 14 , 12
Thavarajasoorier, 157, , 114 , 1 95 , 14 , 12
Willert, 157, , 114 , 1 95 , 14 , 12

Ashe, 158A, , 63 , 1 81 , 12 , 17
Carvalho, 158A, , 63 , 1 81 , 12 , 17
Dickson, 158A, , 63 , 1 81 , 12 , 17
Thavarajasoorier, 158A, , 63 , 1 81 , 12 , 17
Willert, 158A, , 63 , 1 81 , 12 , 17

Ashe, Ashe, 158B, , 45 , 1 72 , 17 , 13
Carvalho, 158B, , 45 , 1 72 , 17 , 13
Dickson, 158B, , 45 , 1 72 , 17 , 13
Thavarajasoorier, 158B, , 45 , 1 72 , 17 , 13
Willert, 158B, , 45 , 1 72 , 17 , 13

None, 159, "NO POLL HELD"

Ashe, 159-1s, , 5 , 0 16 , 4 , 1
Carvalho, 159-1s, , 5 , 0 16 , 4 , 1
Dickson, 159-1s, , 5 , 0 16 , 4 , 1
Thavarajasoorier, 159-1s, , 5 , 0 16 , 4 , 1
Willert, 159-1s, , 5 , 0 16 , 4 , 1

Ashe, 160, , 41 , 3 98 , 21 , 12
Carvalho, 160, , 41 , 3 98 , 21 , 12
Dickson, 160, , 41 , 3 98 , 21 , 12
Thavarajasoorier, 160, , 41 , 3 98 , 21 , 12
Willert, 160, , 41 , 3 98 , 21 , 12

Ashe, 161s, , 11 , 1 11 , 2 , 3
Carvalho, 161s, , 11 , 1 11 , 2 , 3
Dickson, 161s, , 11 , 1 11 , 2 , 3
Thavarajasoorier, 161s, , 11 , 1 11 , 2 , 3
Willert, 161s, , 11 , 1 11 , 2 , 3

Ashe, 162, , 27 , 0 45 , 11 , 8
Carvalho, 162, , 27 , 0 45 , 11 , 8
Dickson, 162, , 27 , 0 45 , 11 , 8
Thavarajasoorier, 162, , 27 , 0 45 , 11 , 8
Willert, 162, , 27 , 0 45 , 11 , 8

Ashe, 163A, , 61 , 2 77 , 20 , 12
Carvalho, 163A, , 61 , 2 77 , 20 , 12
Dickson, 163A, , 61 , 2 77 , 20 , 12
Thavarajasoorier, 163A, , 61 , 2 77 , 20 , 12
Willert, 163A, , 61 , 2 77 , 20 , 12

Ashe, 163B, , 25 , 2 44 , 17 , 6
Carvalho, 163B, , 25 , 2 44 , 17 , 6
Dickson, 163B, , 25 , 2 44 , 17 , 6
Thavarajasoorier, 163B, , 25 , 2 44 , 17 , 6
Willert, 163B, , 25 , 2 44 , 17 , 6

Ashe, 164, , 59 , 2 67 , 22 , 18
Carvalho, 164, , 59 , 2 67 , 22 , 18
Dickson, 164, , 59 , 2 67 , 22 , 18
Thavarajasoorier, 164, , 59 , 2 67 , 22 , 18
Willert, 164, , 59 , 2 67 , 22 , 18

Ashe, 165, , 50 , 0 61 , 26 , 21
Carvalho, 165, , 50 , 0 61 , 26 , 21
Dickson, 165, , 50 , 0 61 , 26 , 21
Thavarajasoorier, 165, , 50 , 0 61 , 26 , 21
Willert, 165, , 50 , 0 61 , 26 , 21

Ashe, 167s, , 25 , 1 31 , 8 , 5
Carvalho, 167s, , 25 , 1 31 , 8 , 5
Dickson, 167s, , 25 , 1 31 , 8 , 5
Thavarajasoorier, 167s, , 25 , 1 31 , 8 , 5
Willert, 167s, , 25 , 1 31 , 8 , 5

Ashe, 168, , 66 , 3 70 , 24 , 17
Carvalho, 168, , 66 , 3 70 , 24 , 17
Dickson, 168, , 66 , 3 70 , 24 , 17
Thavarajasoorier, 168, , 66 , 3 70 , 24 , 17
Willert, 168, , 66 , 3 70 , 24 , 17

Ashe, 169, , 51 , 2 50 , 19 , 13
Carvalho, 169, , 51 , 2 50 , 19 , 13
Dickson, 169, , 51 , 2 50 , 19 , 13
Thavarajasoorier, 169, , 51 , 2 50 , 19 , 13
Willert, 169, , 51 , 2 50 , 19 , 13

Ashe, 170, , 72 , 0 94 , 25 , 17
Carvalho, 170, , 72 , 0 94 , 25 , 17
Dickson, 170, , 72 , 0 94 , 25 , 17
Thavarajasoorier, 170, , 72 , 0 94 , 25 , 17
Willert, 170, , 72 , 0 94 , 25 , 17

Ashe, 171, , 116 , 1 107 , 17 , 25
Carvalho, 171, , 116 , 1 107 , 17 , 25
Dickson, 171, , 116 , 1 107 , 17 , 25
Thavarajasoorier, 171, , 116 , 1 107 , 17 , 25
Willert, 171, , 116 , 1 107 , 17 , 25

Ashe, 172, , 73 , 0 93 , 11 , 25
Carvalho, 172, , 73 , 0 93 , 11 , 25
Dickson, 172, , 73 , 0 93 , 11 , 25
Thavarajasoorier, 172, , 73 , 0 93 , 11 , 25
Willert, 172, , 73 , 0 93 , 11 , 25

Ashe, 173, , 89 , 0 79 , 11 , 24
Carvalho, 173, , 89 , 0 79 , 11 , 24
Dickson, 173, , 89 , 0 79 , 11 , 24
Thavarajasoorier, 173, , 89 , 0 79 , 11 , 24
Willert, 173, , 89 , 0 79 , 11 , 24

Ashe, 174, , 77 , 2 85 , 24 , 18
Carvalho, 174, , 77 , 2 85 , 24 , 18
Dickson, 174, , 77 , 2 85 , 24 , 18
Thavarajasoorier, 174, , 77 , 2 85 , 24 , 18
Willert, 174, , 77 , 2 85 , 24 , 18

Ashe, 175, , 49 , 5 93 , 15 , 7
Carvalho, 175, , 49 , 5 93 , 15 , 7
Dickson, 175, , 49 , 5 93 , 15 , 7
Thavarajasoorier, 175, , 49 , 5 93 , 15 , 7
Willert, 175, , 49 , 5 93 , 15 , 7

Ashe, 176, , 71 , 1 91 , 17 , 13
Carvalho, 176, , 71 , 1 91 , 17 , 13
Dickson, 176, , 71 , 1 91 , 17 , 13
Thavarajasoorier, 176, , 71 , 1 91 , 17 , 13
Willert, 176, , 71 , 1 91 , 17 , 13

Ashe, 177, , 73 , 0 86 , 13 , 19
Carvalho, 177, , 73 , 0 86 , 13 , 19
Dickson, 177, , 73 , 0 86 , 13 , 19
Thavarajasoorier, 177, , 73 , 0 86 , 13 , 19
Willert, 177, , 73 , 0 86 , 13 , 19

Ashe, 178, , 72 , 1 83 , 3 , 22
Carvalho, 178, , 72 , 1 83 , 3 , 22
Dickson, 178, , 72 , 1 83 , 3 , 22
Thavarajasoorier, 178, , 72 , 1 83 , 3 , 22
Willert, 178, , 72 , 1 83 , 3 , 22

Ashe, 179, , 82 , 0 91 , 20 , 30
Carvalho, 179, , 82 , 0 91 , 20 , 30
Dickson, 179, , 82 , 0 91 , 20 , 30
Thavarajasoorier, 179, , 82 , 0 91 , 20 , 30
Willert, 179, , 82 , 0 91 , 20 , 30

Ashe, 180, , 68 , 0 48 , 10 , 18
Carvalho, 180, , 68 , 0 48 , 10 , 18
Dickson, 180, , 68 , 0 48 , 10 , 18
Thavarajasoorier, 180, , 68 , 0 48 , 10 , 18
Willert, 180, , 68 , 0 48 , 10 , 18

Ashe, 181, , 66 , 2 , 127 , 11 , 18
Carvalho, 181, , 66 , 2 , 127 , 11 , 18
Dickson, 181, , 66 , 2 , 127 , 11 , 18
Thavarajasoorier, 181, , 66 , 2 , 127 , 11 , 18
Willert, 181, , 66 , 2 , 127 , 11 , 18

Ashe, 182, , 44 , 0 , 69 , 7 , 9
Carvalho, 182, , 44 , 0 , 69 , 7 , 9
Dickson, 182, , 44 , 0 , 69 , 7 , 9
Thavarajasoorier, 182, , 44 , 0 , 69 , 7 , 9
Willert, 182, , 44 , 0 , 69 , 7 , 9

Ashe, 183, , 56 , 0 , 80 , 13 , 23
Carvalho, 183, , 56 , 0 , 80 , 13 , 23
Dickson, 183, , 56 , 0 , 80 , 13 , 23
Thavarajasoorier, 183, , 56 , 0 , 80 , 13 , 23
Willert, 183, , 56 , 0 , 80 , 13 , 23

Ashe, 184, , 57 , 0 , 62 , 4 , 20
Carvalho, 184, , 57 , 0 , 62 , 4 , 20
Dickson, 184, , 57 , 0 , 62 , 4 , 20
Thavarajasoorier, 184, , 57 , 0 , 62 , 4 , 20
Willert, 184, , 57 , 0 , 62 , 4 , 20

Ashe, 185, , 51 , 2 , 75 , 10 , 10
Carvalho, 185, , 51 , 2 , 75 , 10 , 10
Dickson, 185, , 51 , 2 , 75 , 10 , 10
Thavarajasoorier, 185, , 51 , 2 , 75 , 10 , 10
Willert, 185, , 51 , 2 , 75 , 10 , 10

Ashe, 186, , 37 , 1 , 58 , 5 , 11
Carvalho, 186, , 37 , 1 , 58 , 5 , 11
Dickson, 186, , 37 , 1 , 58 , 5 , 11
Thavarajasoorier, 186, , 37 , 1 , 58 , 5 , 11
Willert, 186, , 37 , 1 , 58 , 5 , 11

Ashe, 187A, , 36 , 1 , 74 , 11 , 9
Carvalho, 187A, , 36 , 1 , 74 , 11 , 9
Dickson, 187A, , 36 , 1 , 74 , 11 , 9
Thavarajasoorier, 187A, , 36 , 1 , 74 , 11 , 9
Willert, 187A, , 36 , 1 , 74 , 11 , 9

Ashe, 187B, , 59 , 1 , 68 , 14 , 9
Carvalho, 187B, , 59 , 1 , 68 , 14 , 9
Dickson, 187B, , 59 , 1 , 68 , 14 , 9
Thavarajasoorier, 187B, , 59 , 1 , 68 , 14 , 9
Willert, 187B, , 59 , 1 , 68 , 14 , 9

Ashe, 188, , 107 , 0 , 123 , 13 , 15
Carvalho, 188, , 107 , 0 , 123 , 13 , 15
Dickson, 188, , 107 , 0 , 123 , 13 , 15
Thavarajasoorier, 188, , 107 , 0 , 123 , 13 , 15
Willert, 188, , 107 , 0 , 123 , 13 , 15

Ashe, 189, , 65 , 1 , 90 , 15 , 12
Carvalho, 189, , 65 , 1 , 90 , 15 , 12
Dickson, 189, , 65 , 1 , 90 , 15 , 12
Thavarajasoorier, 189, , 65 , 1 , 90 , 15 , 12
Willert, 189, , 65 , 1 , 90 , 15 , 12

Ashe, 190, , 33 , 0 , 33 , 10 , 9
Carvalho, 190, , 33 , 0 , 33 , 10 , 9
Dickson, 190, , 33 , 0 , 33 , 10 , 9
Thavarajasoorier, 190, , 33 , 0 , 33 , 10 , 9
Willert, 190, , 33 , 0 , 33 , 10 , 9

Ashe, 191, , 58 , 3 , 76 , 11 , 6
Carvalho, 191, , 58 , 3 , 76 , 11 , 6
Dickson, 191, , 58 , 3 , 76 , 11 , 6
Thavarajasoorier, 191, , 58 , 3 , 76 , 11 , 6
Willert, 191, , 58 , 3 , 76 , 11 , 6

Ashe, 192, , 106 , 3 , 80 , 19 , 24
Carvalho, 192, , 106 , 3 , 80 , 19 , 24
Dickson, 192, , 106 , 3 , 80 , 19 , 24
Thavarajasoorier, 192, , 106 , 3 , 80 , 19 , 24
Willert, 192, , 106 , 3 , 80 , 19 , 24

Ashe, 193, , 140 , 2 , 115 , 17 , 22
Carvalho, 193, , 140 , 2 , 115 , 17 , 22
Dickson, 193, , 140 , 2 , 115 , 17 , 22
Thavarajasoorier, 193, , 140 , 2 , 115 , 17 , 22
Willert, 193, , 140 , 2 , 115 , 17 , 22

Ashe, 194, , 100 , 4 , 129 , 14 , 24
Carvalho, 194, , 100 , 4 , 129 , 14 , 24
Dickson, 194, , 100 , 4 , 129 , 14 , 24
Thavarajasoorier, 194, , 100 , 4 , 129 , 14 , 24
Willert, 194, , 100 , 4 , 129 , 14 , 24

Ashe, 195, , 76 , 0 , 90 , 21 , 22
Carvalho, 195, , 76 , 0 , 90 , 21 , 22
Dickson, 195, , 76 , 0 , 90 , 21 , 22
Thavarajasoorier, 195, , 76 , 0 , 90 , 21 , 22
Willert, 195, , 76 , 0 , 90 , 21 , 22

Ashe, 196, , 97 , 1 , 105 , 20 , 18
Carvalho, 196, , 97 , 1 , 105 , 20 , 18
Dickson, 196, , 97 , 1 , 105 , 20 , 18
Thavarajasoorier, 196, , 97 , 1 , 105 , 20 , 18
Willert, 196, , 97 , 1 , 105 , 20 , 18

Ashe, 197, , 104 , 2 , 150 , 6 , 18
Carvalho, 197, , 104 , 2 , 150 , 6 , 18
Dickson, 197, , 104 , 2 , 150 , 6 , 18
Thavarajasoorier, 197, , 104 , 2 , 150 , 6 , 18
Willert, 197, , 104 , 2 , 150 , 6 , 18

Ashe, 198, , 50 , 2 , 79 , 7 , 5
Carvalho, 198, , 50 , 2 , 79 , 7 , 5
Dickson, 198, , 50 , 2 , 79 , 7 , 5
Thavarajasoorier, 198, , 50 , 2 , 79 , 7 , 5
Willert, 198, , 50 , 2 , 79 , 7 , 5

Ashe, 199, , 57 , 2 , 90 , 26 , 25
Carvalho, 199, , 57 , 2 , 90 , 26 , 25
Dickson, 199, , 57 , 2 , 90 , 26 , 25
Thavarajasoorier, 199, , 57 , 2 , 90 , 26 , 25
Willert, 199, , 57 , 2 , 90 , 26 , 25

Ashe, 200, , 71 , 0 , 106 , 20 , 20
Carvalho, 200, , 71 , 0 , 106 , 20 , 20
Dickson, 200, , 71 , 0 , 106 , 20 , 20
Thavarajasoorier, 200, , 71 , 0 , 106 , 20 , 20
Willert, 200, , 71 , 0 , 106 , 20 , 20

Ashe, 201, , 86 , 0 , 101 , 8 , 22
Carvalho, 201, , 86 , 0 , 101 , 8 , 22
Dickson, 201, , 86 , 0 , 101 , 8 , 22
Thavarajasoorier, 201, , 86 , 0 , 101 , 8 , 22
Willert, 201, , 86 , 0 , 101 , 8 , 22

Ashe, 202, , 73 , 2 , 91 , 14 , 21
Carvalho, 202, , 73 , 2 , 91 , 14 , 21
Dickson, 202, , 73 , 2 , 91 , 14 , 21
Thavarajasoorier, 202, , 73 , 2 , 91 , 14 , 21
Willert, 202, , 73 , 2 , 91 , 14 , 21

Ashe, 203, , 124 , 2 , 132 , 6 , 18
Carvalho, 203, , 124 , 2 , 132 , 6 , 18
Dickson, 203, , 124 , 2 , 132 , 6 , 18
Thavarajasoorier, 203, , 124 , 2 , 132 , 6 , 18
Willert, 203, , 124 , 2 , 132 , 6 , 18

Ashe, 400, , 45 , 1 , 63 , 21 , 5
Carvalho, 400, , 45 , 1 , 63 , 21 , 5
Dickson, 400, , 45 , 1 , 63 , 21 , 5
Thavarajasoorier, 400, , 45 , 1 , 63 , 21 , 5
Willert, 400, , 45 , 1 , 63 , 21 , 5

Ashe, 403, , 65 , 4 , 101 , 13 , 12
Carvalho, 403, , 65 , 4 , 101 , 13 , 12
Dickson, 403, , 65 , 4 , 101 , 13 , 12
Thavarajasoorier, 403, , 65 , 4 , 101 , 13 , 12
Willert, 403, , 65 , 4 , 101 , 13 , 12

Ashe, 404, , 33 , 2 , 63 , 13 , 10
Carvalho, 404, , 33 , 2 , 63 , 13 , 10
Dickson, 404, , 33 , 2 , 63 , 13 , 10
Thavarajasoorier, 404, , 33 , 2 , 63 , 13 , 10
Willert, 404, , 33 , 2 , 63 , 13 , 10

Ashe, 405, , 67 , 1 , 98 , 29 , 13
Carvalho, 405, , 67 , 1 , 98 , 29 , 13
Dickson, 405, , 67 , 1 , 98 , 29 , 13
Thavarajasoorier, 405, , 67 , 1 , 98 , 29 , 13
Willert, 405, , 67 , 1 , 98 , 29 , 13

Ashe, 406, , 38 3 , 81 , 12 , , 11
Carvalho, 406, , 38 3 , 81 , 12 , , 11
Dickson, 406, , 38 3 , 81 , 12 , , 11
Thavarajasoorier, 406, , 38 3 , 81 , 12 , , 11
Willert, 406, , 38 3 , 81 , 12 , , 11

Ashe, 407, , 43 2 , 69 , 18 , , 17
Carvalho, 407, , 43 2 , 69 , 18 , , 17
Dickson, 407, , 43 2 , 69 , 18 , , 17
Thavarajasoorier, 407, , 43 2 , 69 , 18 , , 17
Willert, 407, , 43 2 , 69 , 18 , , 17

Ashe, 409, , 27 0 , 39 , 10 , , 7
Carvalho, 409, , 27 0 , 39 , 10 , , 7
Dickson, 409, , 27 0 , 39 , 10 , , 7
Thavarajasoorier, 409, , 27 0 , 39 , 10 , , 7
Willert, 409, , 27 0 , 39 , 10 , , 7

Ashe, 410, , 34 0 , 80 , 18 , , 8
Carvalho, 410, , 34 0 , 80 , 18 , , 8
Dickson, 410, , 34 0 , 80 , 18 , , 8
Thavarajasoorier, 410, , 34 0 , 80 , 18 , , 8
Willert, 410, , 34 0 , 80 , 18 , , 8

Ashe, ADV001, , 376 8 , 438 , 60 , , 61
Carvalho, ADV001, , 376 8 , 438 , 60 , , 61
Dickson, ADV001, , 376 8 , 438 , 60 , , 61
Thavarajasoorier, ADV001, , 376 8 , 438 , 60 , , 61
Willert, ADV001, , 376 8 , 438 , 60 , , 61

Ashe, ADV002, , 338 17 , 582 , 74 , , 77
Carvalho, ADV002, , 338 17 , 582 , 74 , , 77
Dickson, ADV002, , 338 17 , 582 , 74 , , 77
Thavarajasoorier, ADV002, , 338 17 , 582 , 74 , , 77
Willert, ADV002, , 338 17 , 582 , 74 , , 77

Ashe, ADV003, , 97 1 , 117 , 11 , , 15
Carvalho, ADV003, , 97 1 , 117 , 11 , , 15
Dickson, ADV003, , 97 1 , 117 , 11 , , 15
Thavarajasoorier, ADV003, , 97 1 , 117 , 11 , , 15
Willert, ADV003, , 97 1 , 117 , 11 , , 15

Ashe, ADV004, , 368 11 , 570 , 76 , , 64
Carvalho, ADV004, , 368 11 , 570 , 76 , , 64
Dickson, ADV004, , 368 11 , 570 , 76 , , 64
Thavarajasoorier, ADV004, , 368 11 , 570 , 76 , , 64
Willert, ADV004, , 368 11 , 570 , 76 , , 64

Ashe, ADV005, , 210 5 , 330 , 28 , , 40
Carvalho, ADV005, , 210 5 , 330 , 28 , , 40
Dickson, ADV005, , 210 5 , 330 , 28 , , 40
Thavarajasoorier, ADV005, , 210 5 , 330 , 28 , , 40
Willert, ADV005, , 210 5 , 330 , 28 , , 40

Ashe, ADV006, , 84 7 , 40 , 6 , , 13
Carvalho, ADV006, , 84 7 , 40 , 6 , , 13
Dickson, ADV006, , 84 7 , 40 , 6 , , 13
Thavarajasoorier, ADV006, , 84 7 , 40 , 6 , , 13
Willert, ADV006, , 84 7 , 40 , 6 , , 13
